<configuration>
  <conversionRule conversionWord="clr" converterClass="org.springframework.boot.logging.logback.ColorConverter" />
  <conversionRule conversionWord="wex" converterClass="org.springframework.boot.logging.logback.WhitespaceThrowableProxyConverter" />    
  <conversionRule conversionWord="wEx" converterClass="org.springframework.boot.logging.logback.ExtendedWhitespaceThrowableProxyConverter" />
  <appender name="STDOUT" class="ch.qos.logback.core.ConsoleAppender">
    <encoder>
      <pattern>%clr(${LOG_LEVEL_PATTERN:-%5p}) %clr(${PID:- }){magenta} %clr(---){faint}%clr([%15.15t]){faint} %clr(%-40.40logger{39}){cyan} %clr(:){faint}%m%n${LOG_EXCEPTION_CONVERSION_WORD:-%wEx}
      </pattern>
    </encoder>
  </appender>
  <root level="INFO">
    <appender-ref ref="STDOUT" />
  </root>
  <logger name="org.apache.catalina.startup.DigesterFactory" level="ERROR"/>
  <logger name="org.apache.catalina.util.LifecycleBase" level="ERROR"/>
  <logger name="org.apache.coyote.http11.Http11NioProtocol" level="WARN"/>
  <logger name="org.apache.sshd.common.util.SecurityUtils" level="WARN"/>
  <logger name="org.apache.tomcat.util.net.NioSelectorPool" level="WARN"/>
  <logger name="org.eclipse.jetty.util.component.AbstractLifeCycle" level="ERROR"/>
  <logger name="org.hibernate.validator.internal.util.Version" level="WARN"/>
  <logger name="org.springframework.boot.actuate.endpoint.jmx" level="WARN"/>
 </configuration>