{
	"hostname": {
		"provider": "request",
		"fixed": {
			"hostname": "${keycloak.override.hostname:localhost}",
			"httpPort": "${keycloak.override.httpPort:-1}",
			"httpsPort": "${keycloak.override.httpsPort:-1}"
		}
	},
	"admin": {
		"realm": "master"
	},
	"eventsStore": {
		"provider": "${keycloak.eventsStore.provider:jpa}",
		"jpa": {
			"exclude-events": [
				"REFRESH_TOKEN"
			]
		}
	},
	"eventsListener": {
		"jboss-logging": {
			"success-level": "debug",
			"error-level": "warn"
		}
	},
	"realm": {
		"provider": "${keycloak.realm.provider:jpa}"
	},
	"user": {
		"provider": "${keycloak.user.provider:jpa}"
	},
	"userFederatedStorage": {
		"provider": "${keycloak.userFederatedStorage.provider:jpa}"
	},
	"userSessionPersister": {
		"provider": "${keycloak.userSessionPersister.provider:jpa}"
	},
	"authorizationPersister": {
		"provider": "${keycloak.authorization.provider:jpa}"
	},
	"userCache": {
		"default": {
			"enabled": true
		}
	},
	"timer": {
		"provider": "basic"
	},
	"theme": {
		"staticMaxAge": "${keycloak.theme.staticMaxAge:2592000}",
		"cacheTemplates": "${keycloak.theme.cacheTemplates:true}",
		"cacheThemes": "${keycloak.theme.cacheThemes:true}",
		"folder": {
			"dir": "${keycloak.theme.dir}"
		}
	},
	"scheduled": {
		"interval": 900
	},
	"connectionsHttpClient": {
		"default": {
			
		}
	},
	"connectionsJpa": {
		"provider": "default",
		"default": {
			"dataSource": "spring/datasource",
			"url": "${env.KEYCLOAK_DATABASE_URL:jdbc:h2:./target/keycloak}",
			"driver": "${keycloak.connectionsJpa.driver:org.h2.Driver}",
			"driverDialect": "${keycloak.connectionsJpa.driverDialect:}",
			"user": "${keycloak.connectionsJpa.user:sa}",
			"password": "${keycloak.connectionsJpa.password:}",
			"initializeEmpty": true,
			"migrationStrategy": "update",
			"showSql": "${keycloak.connectionsJpa.showSql:false}",
			"formatSql": "${keycloak.connectionsJpa.formatSql:true}",
			"globalStatsInterval": "${keycloak.connectionsJpa.globalStatsInterval:-1}"
		}
	},
	"realmCache": {
		"default": {
			"enabled": true
		}
	},
	"connectionsInfinispan": {
		"default": {
			"embedded": "true"
		}
	},
	"scripting": {
		
	},
	"jta-lookup": {
		"provider": "${keycloak.jta.lookup.provider:jboss}",
		"jboss": {
			"enabled": true
		}
	}
}